тойник на опуске;Внутренний газопровод
AEG;Водонагреватель проточный газовый автоматический
Ariston;Водонагреватель проточный газовый автоматический
ATL;Водонагреватель проточный газовый автоматический
Avrora;Водонагреватель проточный газовый автоматический
Baltgaz;Водонагреватель проточный газовый автоматический
BaltGaz;Водонагреватель проточный газовый автоматический
Baxi;Водонагреватель проточный газовый автоматический
Beretta;Водонагреватель проточный газовый автоматический
Bosch;Водонагреватель проточный газовый автоматический
Centurion;Водонагреватель проточный газовый автоматический
CWH-13;Водонагреватель проточный газовый автоматический
Edisson;Водонагреватель проточный газовый автоматический
Etalon;Водонагреватель проточный газовый автоматический
Fniolon;Водонагреватель проточный газовый автоматический
Gordi;Водонагреватель проточный газовый автоматический
Heat master;Водонагреватель проточный газовый автоматический
Heatmaster;Водонагреватель проточный газовый автоматический
Inse;Водонагреватель проточный газовый автоматический
JS 46-10 A;Водонагреватель проточный газовый автоматический
Kraft;Водонагреватель проточный газовый автоматический
Lemaks;Водонагреватель проточный газовый автоматический
MasterGaz;Водонагреватель проточный газовый автоматический
Mora;Водонагреватель проточный газовый автоматический
Nano Pro;Водонагреватель проточный газовый автоматический
Neskar;Водонагреватель проточный газовый автоматический
Neva;Водонагреватель проточный газовый автоматический
Neva- 3208;Водонагреватель проточный газовый автоматический
Neva- 4510;Водонагреватель проточный газовый автоматический
Neva Luх;Водонагреватель проточный газовый автоматический
Neva-Lux;Водонагреватель проточный газовый автоматический
Neva-Lux;Водонагреватель проточный газовый автоматический
Neva-Tranzit;Водонагреватель проточный газовый автоматический
Neva-Tranzit.Orion;Водонагреватель проточный газовый автоматический
Orion;Водонагреватель проточный газовый автоматический
Pover;Водонагреватель проточный газовый автоматический
Prodesh;Водонагреватель проточный газовый автоматический
Roda;Водонагреватель проточный газовый автоматический
Samsung;Водонагреватель проточный газовый автоматический
Saturn;Водонагреватель проточный газовый автоматический
SUPERFLAME;Водонагреватель проточный газовый автоматический
Superflame;Водонагреватель проточный газовый автоматический
TGA;Водонагреватель проточный газовый автоматический
Vailant;Водонагреватель проточный газовый автоматический
Vector;Водонагреватель проточный газовый автоматический
Vector- Star;Водонагреватель проточный газовый автоматический
Vektor Lux Eco;Водонагреватель проточный газовый автоматический
Vivat;Водонагреватель проточный газовый автоматический
Volna;Водонагреватель проточный газовый автоматический
Wert;Водонагреватель проточный газовый автоматический
Zermen ВПГ-18;Водонагреватель проточный газовый автоматический
Zerten;Водонагреватель проточный газовый автоматический
Аврора;Водонагреватель проточный газовый автоматический
АЕГ;Водонагреватель проточный газовый автоматический
Аквилон;Водонагреватель проточный газовый автоматический
Алинтер;Водонагреватель проточный газовый автоматический
Аментер;Водонагреватель проточный газовый автоматический
Астра;Водонагреватель проточный газовый автоматический
Балт-Газ;Водонагреватель проточный газовый автоматический
Болер;Водонагреватель проточный газовый автоматический
"Брэдфорд Вайт""";Водонагреватель проточный газовый автоматический
Вайланд;Водонагреватель проточный газовый автоматический
Ватер-Темп;Водонагреватель проточный газовый автоматический
Вектор;Водонагреватель проточный газовый автоматический
Вектор Стар;Водонагреватель проточный газовый автоматический
ВПГ;Водонагреватель проточный газовый автоматический
"ВПГ ""Беретта""";Водонагреватель проточный газовый автоматический
"ВПГ ""Вектор""";Водонагреватель проточный газовый автоматический
"ВПГ ""Таганрог"" автомат";Водонагреватель проточный газовый автоматический
ВПГ ELSOTHERM;Водонагреватель проточный газовый автоматический
ВПГ N-T;Водонагреватель проточный газовый автоматический
ВПГ VAILAND;Водонагреватель проточный газовый автоматический
ВПГ авт MITCA;Водонагреватель проточный газовый автоматический
ВПГ авт.;Водонагреватель проточный газовый автоматический
"ВПГ авт. ""Нева Люкс""";Водонагреватель проточный газовый автоматический
"ВПГ авт. ""Нева""";Водонагреватель проточный газовый автоматический
"ВПГ авт. ""Нева-Транзит""";Водонагреватель проточный газовый автоматический
ВПГ авт. STOVROLIT;Водонагреватель проточный газовый автоматический
ВПГ авт. SUPERLUX;Водонагреватель проточный газовый автоматический
впг авт. АЕG;Водонагреватель проточный газовый автоматический
ВПГ авт. Аристон;Водонагреватель проточный газовый автоматический
ВПГ авт. КОМФОРТ;Водонагреватель проточный газовый автоматический
ВПГ авт. ЛарГаз;Водонагреватель проточный газовый автоматический
"ВПГ авт.""НЕВА""-4610";Водонагреватель проточный газовый автоматический
ВПГ автом Градини;Водонагреватель проточный газовый автоматический
ВПГ автомат  ЛАДОГАЗ;Водонагреватель проточный газовый автоматический
впг лемакс;Водонагреватель проточный газовый автоматический
ВПГ Лемакс авт;Водонагреватель проточный газовый автоматический
впг орион;Водонагреватель проточный газовый автоматический
ВПГ Феролли;Водонагреватель проточный газовый автоматический
ВПГ Электролюкс авт.;Водонагреватель проточный газовый автоматический
ВПГ-10;Водонагреватель проточный газовый автоматический
"ВПГ-10 ""Ладогаз""";Водонагреватель проточный газовый автоматический
"ВПГ-10 ""Протон""";Водонагреватель проточный газовый автоматический
впг-18;Водонагреватель проточный газовый автоматический
"ВПГ-18 ""Россиянка-м""";Водонагреватель проточный газовый автоматический
ВПГ-19;Водонагреватель проточный газовый автоматический
ВПГ-23;Водонагреватель проточный газовый автоматический
ВПГ-6;Водонагреватель проточный газовый автоматический
ГазЛюкс;Водонагреватель проточный газовый автоматический
Гефест;Водонагреватель проточный газовый автоматический
Горение;Водонагреватель проточный газовый автоматический
Граниди;Водонагреватель проточный газовый автоматический
ДеЛюкс;Водонагреватель проточный газовый автоматический
Догаз;Водонагреватель проточный газовый автоматический
Евролайн;Водонагреватель проточный газовый автоматический
Занусси;Водонагреватель проточный газовый автоматический
Занусси ВПГа;Водонагреватель проточный газовый автоматический
Искра;Водонагреватель проточный газовый автоматический
КГИ;Водонагреватель проточный газовый автоматический
Комфорт;Водонагреватель проточный газовый автоматический
Комфорт авт;Водонагреватель проточный газовый автоматический
Конорд;Водонагреватель проточный газовый автоматический
Корея;Водонагреватель проточный газовый автоматический
Крафт;Водонагреватель проточный газовый автоматический
Ладагаз;Водонагреватель проточный газовый автоматический
Ладогаз;Водонагреватель проточный газовый автоматический
ЛарГаз;Водонагреватель проточный газовый автоматический
ЛарГаз;Водонагреватель проточный газовый автоматический
ЛарГаз;Водонагреватель проточный газовый автоматический
Ларгаз;Водонагреватель проточный газовый автоматический
Ларгаз;Водонагреватель проточный газовый автоматический
Ларгаз;Водонагреватель проточный газовый автоматический
Ларгаз;Водонагреватель проточный газовый автоматический
Ларгаз;Водонагреватель проточный газовый автоматический
Лемакс;Водонагреватель проточный газовый автоматический
Ленинград;Водонагреватель проточный газовый автоматический
Мастер газ;Водонагреватель проточный газовый автоматический
Мидеа;Водонагреватель проточный газовый автоматический
Нева;Водонагреватель проточный газовый автоматический
Нева-4510 М;Водонагреватель проточный газовый автоматический
Нева-4511;Водонагреватель проточный газовый автоматический
Нева-Люкс;Водонагреватель проточный газовый автоматический
Нева-Транзит;Водонагреватель проточный газовый автоматический
Оазис;Водонагреватель проточный газовый автоматический
Оазис;Водонагреватель проточный газовый автоматический
Орион;Водонагреватель проточный газовый автоматический
ПГ-10Е;Водонагреватель проточный газовый автоматический
ПГ-6;Водонагреватель проточный газовый автоматический
ПГ-6;Водонагреватель проточный газовый автоматический
Промитей;Водонагреватель проточный газовый автоматический
Протон;Водонагреватель проточный газовый автоматический
РБС Прохладрненская;Водонагреватель проточный газовый автоматический
Россиянка;Водонагреватель проточный газовый автоматический
Ростел;Водонагреватель проточный газовый автоматический
Ростерм;Водонагреватель проточный газовый автоматический
Сармат;Водонагреватель проточный газовый автоматический
Сатурн;Водонагреватель проточный газовый автоматический
Сименкс;Водонагреватель проточный газовый автоматический
Сименс;Водонагреватель проточный газовый автоматический
Ставролит;Водонагреватель проточный газовый автоматический
Суперлюкс;Водонагреватель проточный газовый автоматический
Т.Г.А.;Водонагреватель проточный газовый автоматический
Таган.газ.аппарат;Водонагреватель проточный газовый автоматический
Тагангазаппарат;Водонагреватель проточный газовый автоматический
Таганрог;Водонагреватель проточный газовый автоматический
Таген;Водонагреватель проточный газовый автоматический
Титан;Водонагреватель проточный газовый автоматический
Тула;Водонагреватель проточный газовый автоматический
Турба;Водонагреватель проточный газовый автоматический
Феролли;Водонагреватель проточный газовый автоматический
Фундитал;Водонагреватель проточный газовый автоматический
Хитмастер;Водонагреватель проточный газовый автоматический
электролюкс;Водонагреватель проточный газовый автоматический
Эталон;Водонагреватель проточный газовый автоматический
Юкос;Водонагреватель проточный газовый автоматический
Юнкерс;Водонагреватель проточный газовый автоматический
ATL;Водонагреватель проточный газовый полуавтоматический
Cointra;Водонагреватель проточный газовый полуавтоматический
Mor-Flo;Водонагреватель проточный газовый полуавтоматический
Neva;Водонагреватель проточный газовый полуавтоматический
Neva Lux;Водонагреватель проточный газовый полуавтоматический
Stavrrolit;Водонагреватель проточный газовый полуавтоматический
TURCA;Водонагреватель проточный газовый полуавтоматический
Vector;Водонагреватель проточный газовый полуавтоматический
Viemann (бойлер);Водонагреватель проточный газовый полуавтоматический
Wailant;Водонагреватель проточный газовый полуавтоматический
"Zanussi""";Водонагреватель проточный газовый полуавтоматический
Авангард;Водонагреватель проточный газовый полуавтоматический
АЕG;Водонагреватель проточный газовый полуавтоматический
АЕГ п/а;Водонагреватель проточный газовый полуавтоматический
Аристон;Водонагреватель проточный газовый полуавтоматический
Аристон;Водонагреватель проточный газовый полуавтоматический
Астра;Водонагреватель проточный газовый полуавтоматический
Атлант;Водонагреватель проточный газовый полуавтоматический
Без наименованиея;Водонагреватель проточный газовый полуавтоматический
Беретта;Водонагреватель проточный газовый полуавтоматический
Бошь;Водонагреватель проточный газовый полуавтоматический
"ВПГ ""Вайлант""";Водонагреватель проточный газовый полуавтоматический
ВПГ п/а;Водонагреватель проточный газовый полуавтоматический
ВПГ п/а;Водонагреватель проточный газовый полуавтоматический
"ВПГ п/а ""Нева""";Водонагреватель проточный газовый полуавтоматический
"ВПГ п/а ""Электролюкс""";Водонагреватель проточный газовый полуавтоматический
ВПГ П/А BERETTA;Водонагреватель проточный газовый полуавтоматический
ВПГ п/а BOSCH;Водонагреватель проточный газовый полуавтоматический
ВПГ п/а Аристон;Водонагреватель проточный газовый полуавтоматический
ВПГ п/а Астра;Водонагреватель проточный газовый полуавтоматический
ВПГ п/а Электролюкс;Водонагреватель проточный газовый полуавтоматический
впг Россиянка п/а;Водонагреватель проточный газовый полуавтоматический
Газлюкс;Водонагреватель проточный газовый полуавтоматический
Комфорт;Водонагреватель проточный газовый полуавтоматический
Ладогаз;Водонагреватель проточный газовый полуавтоматический
Лемакс;Водонагреватель проточный газовый полуавтоматический
Нева;Водонагреватель проточный газовый полуавтоматический
Нева-Транзит;Водонагреватель проточный газовый полуавтоматический
Оазис;Водонагреватель проточный газовый полуавтоматический
Протон;Водонагреватель проточный газовый полуавтоматический
Россиянка;Водонагреватель проточный газовый полуавтоматический
Россиянка- М п/а;Водонагреватель проточный газовый полуавтоматический
Россиянка-м;Водонагреватель проточный газовый полуавтоматический
Сиберия;Водонагреватель проточный газовый полуавтоматический
Ставролит;Водонагреватель проточный газовый полуавтоматический
Т.Г.А.;Водонагреватель проточный газовый полуавтоматический
Таганрог;Водонагреватель проточный газовый полуавтоматический
Термет;Водонагреватель проточный газовый полуавтоматический
Титан;Водонагреватель проточный газовый полуавтоматический
Тула;Водонагреватель проточный газовый полуавтоматический
Электролюкс;Водонагреватель проточный газовый полуавтоматический
Юнкерс;Водонагреватель проточный газовый полуавтоматический
BK-G 10;Газовый счетчик
BK-G10;Газовый счетчик
BK-G16T;Газовый счетчик
G 6;Газовый счетчик
NPM- G 4;Газовый счетчик
NPMG 4;Газовый счетчик
NPM-G4;Газовый счетчик
SI-G4;Газовый счетчик
Алинтер;Газовый счетчик
Бетар;Газовый счетчик
Вектор G 4;Газовый счетчик
ВЕКТОР-М/Т;Газовый счетчик
ВК;Газовый счетчик
ВК G4;Газовый счетчик
ВК-G 4;Газовый счетчик
ВК-G 4т;Газовый счетчик
ВК-G10;Газовый счетчик
ВК-G10Т;Газовый счетчик
ВК-G6;Газовый счетчик
ВК-G6т;Газовый счетчик
Газовый счётчик;Газовый счетчик
Геликон;Газовый счетчик
Гефест;Газовый счетчик
Гранд 2,4;Газовый счетчик
Гранд 3,2;Газовый счетчик
Гранд-1,6;Газовый счетчик
Гранд-4;Газовый счетчик
Гранд-6;Газовый счетчик
Гранд-6 ТК;Газовый счетчик
Мимакс;Газовый счетчик
Минск;Газовый счетчик
МКМ;Газовый счетчик
МКМ G 6;Газовый счетчик
МКМ-1;Газовый счетчик
МКМ-G 4;Газовый счетчик
Омега;Газовый счетчик
Омега-М;Газовый счетчик
ПКМ-1;Газовый счетчик
СГ-1;Газовый счетчик
СГБ -1,8;Газовый счетчик
СГБ G 4-0;Газовый счетчик
СГБ-4,0;Газовый счетчик
СГБМ-1,6;Газовый счетчик
СГБМ-3,2;Газовый счетчик
СГБМ-4 1,5;Газовый счетчик
СГД;Газовый счетчик
СГД 3т;Газовый счетчик
СГД G-4;Газовый счетчик
СГД-3 ТG6;Газовый счетчик
СГК G-4;Газовый счетчик
СГК-4;Газовый счетчик
СГМ-1,6;Газовый счетчик
СГМН-1;Газовый счетчик
СГМН-1;Газовый счетчик
СГМН-1;Газовый счетчик
СГМН-1;Газовый счетчик
СГМН-1;Газовый счетчик
СГМН-1 G6;Газовый счетчик
СГМН-1-2-1-G6;Газовый счетчик
СГМН1G6;Газовый счетчик
"""Viessmann""";Двухконтурные котлы
2х контурный котел;Двухконтурные котлы
2х контурный котел BAXI;Двухконтурные котлы
2х контурный котел Beretta;Двухконтурные котлы
2х контурный котел FER;Двухконтурные котлы
2х контурный котел Fondital;Двухконтурные котлы
2х контурный котел KOREASTAR;Двухконтурные котлы
2х контурный котел NAVIEN;Двухконтурные котлы
2х контурный котел SEOUL;Двухконтурные котлы
2х контурный котел Vailland;Двухконтурные котлы
2х контурный котел Альфа THERMSIGMA;Двухконтурные котлы
2х контурный котел Ардерия;Двухконтурные котлы
2х контурный котел АРИСТОН;Двухконтурные котлы
2х контурный котел Протерм;Двухконтурные котлы
2х контурный котел Россиянка;Двухконтурные котлы
2х контурный котел САНЬЕР;Двухконтурные котлы
2х контурный котел Феролли;Двухконтурные котлы
2х контурный котел Эксклюзив;Двухконтурные котлы
2х контурный котел Электролюкс;Двухконтурные котлы
2ъх контурный котел Россиянка;Двухконтурные котлы
AEG;Двухконтурные котлы
AlpenHoff24;Двухконтурные котлы
Arimax;Двухконтурные котлы
Baltgaz;Двухконтурные котлы
Baltur Tesis 24;Двухконтурные котлы
BAXI;Двухконтурные котлы
Baxi Luna;Двухконтурные котлы
Baxi Mainfour 24-24s;Двухконтурные котлы
BAXI напольный;Двухконтурные котлы
Beretta напольный с элетронной платой управления;Двухконтурные котлы
Buderis;Двухконтурные котлы
Buderus Logamax;Двухконтурные котлы
Clasic;Двухконтурные котлы
CUBE TIBERIS;Двухконтурные котлы
Daewoo DGB-160MES;Двухконтурные котлы
De Dietrich;Двухконтурные котлы
Droterm;Двухконтурные котлы
Duval;Двухконтурные котлы
Ecokovi-200;Двухконтурные котлы
Elsoterm;Двухконтурные котлы
Elsotherm;Двухконтурные котлы
Eurotherm Technology;Двухконтурные котлы
Ferolli;Двухконтурные котлы
Ferolli;Двухконтурные котлы
Fertech;Двухконтурные котлы
FONDITAL;Двухконтурные котлы
Gaz-eco;Двухконтурные котлы
Gazlux;Двухконтурные котлы
Haier;Двухконтурные котлы
Hermann;Двухконтурные котлы
Hydrosta;Двухконтурные котлы
Immergas;Двухконтурные котлы
ImmerGaz;Двухконтурные котлы
Kentatsu Furst;Двухконтурные котлы
Kentatsu Furst;Двухконтурные котлы
Kovi;Двухконтурные котлы
KOVI 30 D;Двухконтурные котлы
Kovi -Koreavista;Двухконтурные котлы
Lamborghini;Двухконтурные котлы
Lemacs;Двухконтурные котлы
Leopard;Двухконтурные котлы
Mizudo;Двухконтурные котлы
Navien;Двухконтурные котлы
Navien Ace;Двухконтурные котлы
Navien Deluxe Coaxial;Двухконтурные котлы
NORA-TOP;Двухконтурные котлы
Nova Florida (Pictor Dual Line);Двухконтурные котлы
NovaFlorida;Двухконтурные котлы
Proterm;Двухконтурные котлы
Protherm Geрard;Двухконтурные котлы
Radiant;Двухконтурные котлы
Rinnai;Двухконтурные котлы
Roca NeoBit;Двухконтурные котлы
SAVNIER DVAL;Двухконтурные котлы
Tmmergac;Двухконтурные котлы
Vaillant;Двухконтурные котлы
Viadrus;Двухконтурные котлы
Viallant;Двухконтурные котлы
Vitopend 100-W;Двухконтурные котлы
Wolf;Двухконтурные котлы
Альфа-THERM;Двухконтурные котлы
Антеа;Двухконтурные котлы
Антей;Двухконтурные котлы
Ардо;Двухконтурные котлы
Аристон;Двухконтурные котлы
Бакси;Двухконтурные котлы
Бакси 24 ФИ;Двухконтурные котлы
Бакси ECO COMPACT 24F;Двухконтурные котлы
Бакси ECO4S;Двухконтурные котлы
Бакси Eco-Home;Двухконтурные котлы
Бакси Луна;Двухконтурные котлы
Бакси Слим;Двухконтурные котлы
Бакси Экофор;Двухконтурные котлы
берта;Двухконтурные котлы
Бошь;Двухконтурные котлы
Будерос;Двухконтурные котлы
Будерус;Двухконтурные котлы
Будорос;Двухконтурные котлы
Буферус;Двухконтурные котлы
Вайланд;Двухконтурные котлы
Вайсмон;Двухконтурные котлы
Виалет;Двухконтурные котлы
Виктория;Двухконтурные котлы
Висман 24;Двухконтурные котлы
ВОSCH Д/К;Двухконтурные котлы
Вольф;Двухконтурные котлы
Газлюкс;Двухконтурные котлы
Газ-эко Д/К;Двухконтурные котлы
Гефест;Двухконтурные котлы
Дакон;Двухконтурные котлы
Двухконтурный котел;Двухконтурные котлы
Двухконтурный котел BAXI;Двухконтурные котлы
Део;Двухконтурные котлы
"ДК ""Hermаn""";Двухконтурные котлы
ДК Frisquet;Двухконтурные котлы
"ДК""Вайланд""";Двухконтурные котлы
"ДК""Кетурами""";Двухконтурные котлы
Евротерм;Двухконтурные котлы
Електролюкс;Двухконтурные котлы
Имергаз;Двухконтурные котлы
Иммергаз;Двухконтурные котлы
Импортный котел;Двухконтурные котлы
Китурами;Двухконтурные котлы
Кореастар;Двухконтурные котлы
Лемакс;Двухконтурные котлы
Мастер-газ;Двухконтурные котлы
Мера;Двухконтурные котлы
Мира;Двухконтурные котлы
Мора;Двухконтурные котлы
Моратоп;Двухконтурные котлы
Нermann;Двухконтурные котлы
Навьен;Двухконтурные котлы
Навьен Айс;Двухконтурные котлы
Навьен Делюкс;Двухконтурные котлы
Нева;Двухконтурные котлы
Нева-Люкс;Двухконтурные котлы
Нева-Транзит;Двухконтурные котлы
Оазис;Двухконтурные котлы
Ордерия;Двухконтурные котлы
Поликрафт;Двухконтурные котлы
Росса;Двухконтурные котлы
Россиянка;Двухконтурные котлы
Россиянка- М;Двухконтурные котлы
Рысь;Двухконтурные котлы
Сиберия;Двухконтурные котлы
Сибиряк;Двухконтурные котлы
Тиберис;Двухконтурные котлы
Фер;Двухконтурные котлы
Феролли;Двухконтурные котлы
Флама;Двухконтурные котлы
Хабитат;Двухконтурные котлы
электролюкс;Двухконтурные котлы
Юнкерс;Двухконтурные котлы
Янкерс;Двухконтурные котлы
Elit;Емкостный водонагреватель типа АГВ-80, АГВ-120, АОГВ-4, АОГВ-6, АОГВ-10
АГВ;Емкостный водонагреватель типа АГВ-80, АГВ-120, АОГВ-4, АОГВ-6, АОГВ-10
АГВ-120;Емкостный водонагреватель типа АГВ-80, АГВ-120, АОГВ-4, АОГВ-6, АОГВ-10
АГВ-80;Емкостный водонагреватель типа АГВ-80, АГВ-120, АОГВ-4, АОГВ-6, АОГВ-10
АОГВ;Емкостный водонагреватель типа АГВ-80, АГВ-120, АОГВ-4, АОГВ-6, АОГВ-10
АОГВ-6;Емкостный водонагреватель типа АГВ-80, АГВ-120, АОГВ-4, АОГВ-6, АОГВ-10
Аристон;Емкостный водонагреватель типа АГВ-80, АГВ-120, АОГВ-4, АОГВ-6, АОГВ-10
Газовик;Емкостный водонагреватель типа АГВ-80, АГВ-120, АОГВ-4, АОГВ-6, АОГВ-10
Люкс;Емкостный водонагреватель типа АГВ-80, АГВ-120, АОГВ-4, АОГВ-6, АОГВ-10
Росс;Емкостный водонагреватель типа АГВ-80, АГВ-120, АОГВ-4, АОГВ-6, АОГВ-10
Термолюкс;Емкостный водонагреватель типа АГВ-80, АГВ-120, АОГВ-4, АОГВ-6, АОГВ-10
Bauertherm Premier 10;Емкостный водонагреватель типа АОГВ-11, АОГВ-15, АОГВ-20
RGA;Емкостный водонагреватель типа АОГВ-11, АОГВ-15, АОГВ-20
АГВ-12;Емкостный водонагреватель типа АОГВ-11, АОГВ-15, АОГВ-20
Ангара АОГВ;Емкостный водонагреватель типа АОГВ-11, АОГВ-15, АОГВ-20
АОГВ-11,6;Емкостный водонагреватель типа АОГВ-11, АОГВ-15, АОГВ-20
АОГВ-15,5;Емкостный водонагреватель типа АОГВ-11, АОГВ-15, АОГВ-20
АОГВ-17;Емкостный водонагреватель типа АОГВ-11, АОГВ-15, АОГВ-20
Газовик;Емкостный водонагреватель типа АОГВ-11, АОГВ-15, АОГВ-20
Конорд;Емкостный водонагреватель типа АОГВ-11, АОГВ-15, АОГВ-20
ОК-12;Емкостный водонагреватель типа АОГВ-11, АОГВ-15, АОГВ-20
Сиберия;Емкостный водонагреватель типа АОГВ-11, АОГВ-15, АОГВ-20
Таганрог котел;Емкостный водонагреватель типа АОГВ-11, АОГВ-15, АОГВ-20
Термолюкс;Емкостный водонагреватель типа АОГВ-11, АОГВ-15, АОГВ-20
Andara;Емкостный водонагреватель типа АОГВ-17,5, АОГВ-23, АОГВ-29
Siberia;Емкостный водонагреватель типа АОГВ-17,5, АОГВ-23, АОГВ-29
Ангара;Емкостный водонагреватель типа АОГВ-17,5, АОГВ-23, АОГВ-29
АОГВ-12,5;Емкостный водонагреватель типа АОГВ-17,5, АОГВ-23, АОГВ-29
АОГВ-23;Емкостный водонагреватель типа АОГВ-17,5, АОГВ-23, АОГВ-29
АОГВК-35;Емкостный водонагреватель типа АОГВ-17,5, АОГВ-23, АОГВ-29
Огонёк;Емкостный водонагреватель типа АОГВ-17,5, АОГВ-23, АОГВ-29
Протерм;Емкостный водонагреватель типа АОГВ-17,5, АОГВ-23, АОГВ-29
Таганрог;Емкостный водонагреватель типа АОГВ-17,5, АОГВ-23, АОГВ-29
Термолюкс;Емкостный водонагреватель типа АОГВ-17,5, АОГВ-23, АОГВ-29
Bauertherm;Емкостный водонагреватель типа ДОН-16, ДОН-31,5, Хопер
BAVERTHERM;Емкостный водонагреватель типа ДОН-16, ДОН-31,5, Хопер
Baxi-30 i;Емкостный водонагреватель типа ДОН-16, ДОН-31,5, Хопер
Beretta;Емкостный водонагреватель типа ДОН-16, ДОН-31,5, Хопер
Ferolli;Емкостный водонагреватель типа ДОН-16, ДОН-31,5, Хопер
Lemacs;Емкостный водонагреватель типа ДОН-16, ДОН-31,5, Хопер
Mora;Емкостный водонагреватель типа ДОН-16, ДОН-31,5, Хопер
Mora- TOP;Емкостный водонагреватель типа ДОН-16, ДОН-31,5, Хопер
PiквАеТерм-32;Емкостный водонагреватель типа ДОН-16, ДОН-31,5, Хопер
Premier;Емкостный водонагреватель типа ДОН-16, ДОН-31,5, Хопер
Proterm;Емкостный водонагреватель типа ДОН-16, ДОН-31,5, Хопер
Siberia;Емкостный водонагреватель типа ДОН-16, ДОН-31,5, Хопер
Sideria;Емкостный водонагреватель типа ДОН-16, ДОН-31,5, Хопер
vitopend 100;Емкостный водонагреватель типа ДОН-16, ДОН-31,5, Хопер
Wester;Емкостный водонагреватель типа ДОН-16, ДОН-31,5, Хопер
Акцент;Емкостный водонагреватель типа ДОН-16, ДОН-31,5, Хопер
Александровск;Емкостный водонагреватель типа ДОН-16, ДОН-31,5, Хопер
Ангара;Емкостный водонагреватель типа ДОН-16, ДОН-31,5, Хопер
Апекс;Емкостный водонагреватель типа ДОН-16, ДОН-31,5, Хопер
Аристон;Емкостный водонагреватель типа ДОН-16, ДОН-31,5, Хопер
Атара;Емкостный водонагреватель типа ДОН-16, ДОН-31,5, Хопер
Атем кс;Емкостный водонагреватель типа ДОН-16, ДОН-31,5, Хопер
Аттак;Емкостный водонагреватель типа ДОН-16, ДОН-31,5, Хопер
Бакси;Емкостный водонагреватель типа ДОН-16, ДОН-31,5, Хопер
Бошь;Емкостный водонагреватель типа ДОН-16, ДОН-31,5, Хопер
Братск;Емкостный водонагреватель типа ДОН-16, ДОН-31,5, Хопер
Брянск;Емкостный водонагреватель типа ДОН-16, ДОН-31,5, Хопер
Вайланд;Емкостный водонагреватель типа ДОН-16, ДОН-31,5, Хопер
Вега;Емкостный водонагреватель типа ДОН-16, ДОН-31,5, Хопер
Вестман;Емкостный водонагреватель типа ДОН-16, ДОН-31,5, Хопер
Витогаз;Емкостный водонагреватель типа ДОН-16, ДОН-31,5, Хопер
Георгиевск;Емкостный водонагреватель типа ДОН-16, ДОН-31,5, Хопер
Гефест;Емкостный водонагреватель типа ДОН-16, ДОН-31,5, Хопер
Дани;Емкостный водонагреватель типа ДОН-16, ДОН-31,5, Хопер
Данко;Емкостный водонагреватель типа ДОН-16, ДОН-31,5, Хопер
Данко- 20 С;Емкостный водонагреватель типа ДОН-16, ДОН-31,5, Хопер
Данко-15;Емкостный водонагреватель типа ДОН-16, ДОН-31,5, Хопер
Данко-18 С;Емкостный водонагреватель типа ДОН-16, ДОН-31,5, Хопер
Данко-24;Емкостный водонагреватель типа ДОН-16, ДОН-31,5, Хопер
Дени;Емкостный водонагреватель типа ДОН-16, ДОН-31,5, Хопер
Дон;Емкостный водонагреватель типа ДОН-16, ДОН-31,5, Хопер
Дон-16;Емкостный водонагреватель типа ДОН-16, ДОН-31,5, Хопер
Евротерм;Емкостный водонагреватель типа ДОН-16, ДОН-31,5, Хопер
Евротерм;Емкостный водонагреватель типа ДОН-16, ДОН-31,5, Хопер
Евротерм;Емкостный водонагреватель типа ДОН-16, ДОН-31,5, Хопер
Емкостный Бакси КС;Емкостный водонагреватель типа ДОН-16, ДОН-31,5, Хопер
Житомир;Емкостный водонагреватель типа ДОН-16, ДОН-31,5, Хопер
"Житомир ""Атем""";Емкостный водонагреватель типа ДОН-16, ДОН-31,5, Хопер
Житомир 3;Емкостный водонагреватель типа ДОН-16, ДОН-31,5, Хопер
"Житомир-10 ""Атем-Frank""";Емкостный водонагреватель типа ДОН-16, ДОН-31,5, Хопер
Иберия;Емкостный водонагреватель типа ДОН-16, ДОН-31,5, Хопер
Кебер;Емкостный водонагреватель типа ДОН-16, ДОН-31,5, Хопер
Кебер;Емкостный водонагреватель типа ДОН-16, ДОН-31,5, Хопер
Кебер;Емкостный водонагреватель типа ДОН-16, ДОН-31,5, Хопер
Кибер;Емкостный водонагреватель типа ДОН-16, ДОН-31,5, Хопер
Конорд;Емкостный водонагреватель типа ДОН-16, ДОН-31,5, Хопер
Кореастар;Емкостный водонагреватель типа ДОН-16, ДОН-31,5, Хопер
Корея Стар;Емкостный водонагреватель типа ДОН-16, ДОН-31,5, Хопер
котел напольный BERETTA;Емкостный водонагреватель типа ДОН-16, ДОН-31,5, Хопер
"КС ""Пятигорск""";Емкостный водонагреватель типа ДОН-16, ДОН-31,5, Хопер
КС Лемакс Премиум-50;Емкостный водонагреватель типа ДОН-16, ДОН-31,5, Хопер
кс Сиберия;Емкостный водонагреватель типа ДОН-16, ДОН-31,5, Хопер
КС-16;Емкостный водонагреватель типа ДОН-16, ДОН-31,5, Хопер
КС-20;Емкостный водонагреватель типа ДОН-16, ДОН-31,5, Хопер
КС-Г;Емкостный водонагреватель типа ДОН-16, ДОН-31,5, Хопер
"КСГ  ""Лемакс""";Емкостный водонагреватель типа ДОН-16, ДОН-31,5, Хопер
"КСГ ""Луч""";Емкостный водонагреватель типа ДОН-16, ДОН-31,5, Хопер
"КСГ ""Премиум-12,5""";Емкостный водонагреватель типа ДОН-16, ДОН-31,5, Хопер
КСГ -12,5 КЕБЕР;Емкостный водонагреватель типа ДОН-16, ДОН-31,5, Хопер
КСГ 12,5 Кедр;Емкостный водонагреватель типа ДОН-16, ДОН-31,5, Хопер
"КСГ-10 ""Лемакс""";Емкостный водонагреватель типа ДОН-16, ДОН-31,5, Хопер
КС-Г-16;Емкостный водонагреватель типа ДОН-16, ДОН-31,5, Хопер
КС-Г-16-1;Емкостный водонагреватель типа ДОН-16, ДОН-31,5, Хопер
КСГ-25;Емкостный водонагреватель типа ДОН-16, ДОН-31,5, Хопер
КСГ-25 д;Емкостный водонагреватель типа ДОН-16, ДОН-31,5, Хопер
КСГ-30 Д;Емкостный водонагреватель типа ДОН-16, ДОН-31,5, Хопер
"КСГ-7,5 ""Лемакс""";Емкостный водонагреватель типа ДОН-16, ДОН-31,5, Хопер
КСГ-80;Емкостный водонагреватель типа ДОН-16, ДОН-31,5, Хопер
кстг-20;Емкостный водонагреватель типа ДОН-16, ДОН-31,5, Хопер
КСТГВ-16;Емкостный водонагреватель типа ДОН-16, ДОН-31,5, Хопер
Лемакс;Емкостный водонагреватель типа ДОН-16, ДОН-31,5, Хопер
Лемакс ксг-12,5;Емкостный водонагреватель типа ДОН-16, ДОН-31,5, Хопер
Лемакс Премиум 70;Емкостный водонагреватель типа ДОН-16, ДОН-31,5, Хопер
Лемакс Премиум-30;Емкостный водонагреватель типа ДОН-16, ДОН-31,5, Хопер
Лемакс Премиум-80;Емкостный водонагреватель типа ДОН-16, ДОН-31,5, Хопер
Лемакс-Премиум 25;Емкостный водонагреватель типа ДОН-16, ДОН-31,5, Хопер
Лидер;Емкостный водонагреватель типа ДОН-16, ДОН-31,5, Хопер
Лидер-16;Емкостный водонагреватель типа ДОН-16, ДОН-31,5, Хопер
Лидер-25;Емкостный водонагреватель типа ДОН-16, ДОН-31,5, Хопер
Лидер-40;Емкостный водонагреватель типа ДОН-16, ДОН-31,5, Хопер
Лидер-50;Емкостный водонагреватель типа ДОН-16, ДОН-31,5, Хопер
Луч;Емкостный водонагреватель типа ДОН-16, ДОН-31,5, Хопер
Меркурий;Емкостный водонагреватель типа ДОН-16, ДОН-31,5, Хопер
Мимакс;Емкостный водонагреватель типа ДОН-16, ДОН-31,5, Хопер
Мора 5107;Емкостный водонагреватель типа ДОН-16, ДОН-31,5, Хопер
ОК;Емкостный водонагреватель типа ДОН-16, ДОН-31,5, Хопер
ОК-15;Емкостный водонагреватель типа ДОН-16, ДОН-31,5, Хопер
Премиум;Емкостный водонагреватель типа ДОН-16, ДОН-31,5, Хопер
Премиум-10;Емкостный водонагреватель типа ДОН-16, ДОН-31,5, Хопер
Премиум-12,5;Емкостный водонагреватель типа ДОН-16, ДОН-31,5, Хопер
Премиум-16;Емкостный водонагреватель типа ДОН-16, ДОН-31,5, Хопер
Прометей;Емкостный водонагреватель типа ДОН-16, ДОН-31,5, Хопер
"Протерм ""Волк""";Емкостный водонагреватель типа ДОН-16, ДОН-31,5, Хопер
"Протерм ""Пантера""";Емкостный водонагреватель типа ДОН-16, ДОН-31,5, Хопер
Протерм КСГ;Емкостный водонагреватель типа ДОН-16, ДОН-31,5, Хопер
Пятигорск;Емкостный водонагреватель типа ДОН-16, ДОН-31,5, Хопер
Ривнетерм;Емкостный водонагреватель типа ДОН-16, ДОН-31,5, Хопер
Риммс;Емкостный водонагреватель типа ДОН-16, ДОН-31,5, Хопер
РОСС;Емкостный водонагреватель типа ДОН-16, ДОН-31,5, Хопер
Русь;Емкостный водонагреватель типа ДОН-16, ДОН-31,5, Хопер
Сармат;Емкостный водонагреватель типа ДОН-16, ДОН-31,5, Хопер
Сармат-1;Емкостный водонагреватель типа ДОН-16, ДОН-31,5, Хопер
Сиберия;Емкостный водонагреватель типа ДОН-16, ДОН-31,5, Хопер
Сиберия;Емкостный водонагреватель типа ДОН-16, ДОН-31,5, Хопер
Сигнал;Емкостный водонагреватель типа ДОН-16, ДОН-31,5, Хопер
Ставрус;Емкостный водонагреватель типа ДОН-16, ДОН-31,5, Хопер
Таганрог;Емкостный водонагреватель типа ДОН-16, ДОН-31,5, Хопер
Термолюкс;Емкостный водонагреватель типа ДОН-16, ДОН-31,5, Хопер
Термотехник;Емкостный водонагреватель типа ДОН-16, ДОН-31,5, Хопер
Топпотер;Емкостный водонагреватель типа ДОН-16, ДОН-31,5, Хопер
Факел КСГ-7,5;Емкостный водонагреватель типа ДОН-16, ДОН-31,5, Хопер
Феролли;Емкостный водонагреватель типа ДОН-16, ДОН-31,5, Хопер
Экогаз;Емкостный водонагреватель типа ДОН-16, ДОН-31,5, Хопер
Электролюкс;Емкостный водонагреватель типа ДОН-16, ДОН-31,5, Хопер
Юнкерс;Емкостный водонагреватель типа ДОН-16, ДОН-31,5, Хопер
Бакси Слим 300;Емкостный водонагреватель типа КС
кс;Емкостный водонагреватель типа КС
Лемакс;Емкостный водонагреватель типа КС
Хебер КС-г;Емкостный водонагреватель типа КС
VEGA;Емкостный водонагреватель типа КСГ-7,5, КСГ-10, КСГ-12,5, КСГ-16, КСГ-20, КСГ-25, КСГ-30
житомир-3;Емкостный водонагреватель типа КСГ-7,5, КСГ-10, КСГ-12,5, КСГ-16, КСГ-20, КСГ-25, КСГ-30
"КС ""Ангара""";Емкостный водонагреватель типа КСГ-7,5, КСГ-10, КСГ-12,5, КСГ-16, КСГ-20, КСГ-25, КСГ-30
"КС ""Данко""";Емкостный водонагреватель типа КСГ-7,5, КСГ-10, КСГ-12,5, КСГ-16, КСГ-20, КСГ-25, КСГ-30
"КС ""Кебер""";Емкостный водонагреватель типа КСГ-7,5, КСГ-10, КСГ-12,5, КСГ-16, КСГ-20, КСГ-25, КСГ-30
"КС ""Протерм""";Емкостный водонагреватель типа КСГ-7,5, КСГ-10, КСГ-12,5, КСГ-16, КСГ-20, КСГ-25, КСГ-30
"КС ""Юнкер""";Емкостный водонагреватель типа КСГ-7,5, КСГ-10, КСГ-12,5, КСГ-16, КСГ-20, КСГ-25, КСГ-30
"КС ""Юнкерс""";Емкостный водонагреватель типа КСГ-7,5, КСГ-10, КСГ-12,5, КСГ-16, КСГ-20, КСГ-25, КСГ-30
"КСГ ""Житомер""";Емкостный водонагреватель типа КСГ-7,5, КСГ-10, КСГ-12,5, КСГ-16, КСГ-20, КСГ-25, КСГ-30
КСГ 20 Д;Емкостный водонагреватель типа КСГ-7,5, КСГ-10, КСГ-12,5, КСГ-16, КСГ-20, КСГ-25, КСГ-30
КСГ- 40;Емкостный водонагреватель типа КСГ-7,5, КСГ-10, КСГ-12,5, КСГ-16, КСГ-20, КСГ-25, КСГ-30
КСГ-10;Емкостный водонагреватель типа КСГ-7,5, КСГ-10, КСГ-12,5, КСГ-16, КСГ-20, КСГ-25, КСГ-30
"КСГ-12 ""Лемакс""";Емкостный водонагреватель типа КСГ-7,5, КСГ-10, КСГ-12,5, КСГ-16, КСГ-20, КСГ-25, КСГ-30
КСГ-16;Емкостный водонагреватель типа КСГ-7,5, КСГ-10, КСГ-12,5, КСГ-16, КСГ-20, КСГ-25, КСГ-30
"КСГ-30 ""Житомер""";Емкостный водонагреватель типа КСГ-7,5, КСГ-10, КСГ-12,5, КСГ-16, КСГ-20, КСГ-25, КСГ-30
"КСГ-7 ""Вега""";Емкостный водонагреватель типа КСГ-7,5, КСГ-10, КСГ-12,5, КСГ-16, КСГ-20, КСГ-25, КСГ-30
КСГ-7,5;Емкостный водонагреватель типа КСГ-7,5, КСГ-10, КСГ-12,5, КСГ-16, КСГ-20, КСГ-25, КСГ-30
КС-Г-8;Емкостный водонагреватель типа КСГ-7,5, КСГ-10, КСГ-12,5, КСГ-16, КСГ-20, КСГ-25, КСГ-30
КСГВ;Емкостный водонагреватель типа КСГ-7,5, КСГ-10, КСГ-12,5, КСГ-16, КСГ-20, КСГ-25, КСГ-30
КСГВ-12,5;Емкостный водонагреватель типа КСГ-7,5, КСГ-10, КСГ-12,5, КСГ-16, КСГ-20, КСГ-25, КСГ-30
КСГВ-20н;Емкостный водонагреватель типа КСГ-7,5, КСГ-10, КСГ-12,5, КСГ-16, КСГ-20, КСГ-25, КСГ-30
КСТГ;Емкостный водонагреватель типа КСГ-7,5, КСГ-10, КСГ-12,5, КСГ-16, КСГ-20, КСГ-25, КСГ-30
"КСТГ-16 ""Baxi""";Емкостный водонагреватель типа КСГ-7,5, КСГ-10, КСГ-12,5, КСГ-16, КСГ-20, КСГ-25, КСГ-30
"КСТГ-40 ""Сармат""";Емкостный водонагреватель типа КСГ-7,5, КСГ-10, КСГ-12,5, КСГ-16, КСГ-20, КСГ-25, КСГ-30
КСТГВ-30;Емкостный водонагреватель типа КСГ-7,5, КСГ-10, КСГ-12,5, КСГ-16, КСГ-20, КСГ-25, КСГ-30
КСТГВ-31,5;Емкостный водонагреватель типа КСГ-7,5, КСГ-10, КСГ-12,5, КСГ-16, КСГ-20, КСГ-25, КСГ-30
Лемакс ксг-30;Емкостный водонагреватель типа КСГ-7,5, КСГ-10, КСГ-12,5, КСГ-16, КСГ-20, КСГ-25, КСГ-30
Dani;Емкостный водонагреватель типа КЧМ
Беретта;Емкостный водонагреватель типа КЧМ
кчм;Емкостный водонагреватель типа КЧМ
КЧМ- Г- 2 - 5;Емкостный водонагреватель типа КЧМ
КЧМ-1;Емкостный водонагреватель типа КЧМ
"Лемакс ""Лидер 25""";Емкостный водонагреватель типа КЧМ
Лидер-25;Емкостный водонагреватель типа КЧМ
Протерм;Емкостный водонагреватель типа КЧМ
Сиберия;Емкостный водонагреватель типа КЧМ
Таганрог;Емкостный водонагреватель типа КЧМ
бойлер mor- fio proterm;"Комбинированная бойлерная установка типа ""Мора"""
Бойлер MOR-FLO;"Комбинированная бойлерная установка типа ""Мора"""
Болер МОR;"Комбинированная бойлерная установка типа ""Мора"""
ВНИИСТО;Котел отопительный ВНИИСТО
АПОК- 1 - 3;Отопительная печь без автоматики
АКХ;Отопительная печь с автоматикой
Отопительная печь;Отопительная печь с автоматикой
Ricci;Панель газовая 2-х горелочная
Kuppersberg;Панель газовая 2-х горелочная (без духового шкафа)
Аристон;Панель газовая 2-х горелочная (без духового шкафа)
Ханса;Панель газовая 2-х горелочная (без духового шкафа)
"""Kuppersberg""";Панель газовая 3-х горелочная (без духового шкафа)
Weissgauff;Панель газовая 3-х горелочная (без духового шкафа)
Ardo;Панель газовая 4-х горелочная (без духового шкафа)
Built-in;Панель газовая 4-х горелочная (без духового шкафа)
Candy;Панель газовая 4-х горелочная (без духового шкафа)
Dexp;Панель газовая 4-х горелочная (без духового шкафа)
Electronicsdeluxe;Панель газовая 4-х горелочная (без духового шкафа)
France;Панель газовая 4-х горелочная (без духового шкафа)
Haier;Панель газовая 4-х горелочная (без духового шкафа)
Hotpoint;Панель газовая 4-х горелочная (без духового шкафа)
Kuppersberg;Панель газовая 4-х горелочная (без духового шкафа)
Lex;Панель газовая 4-х горелочная (без духового шкафа)
LG;Панель газовая 4-х горелочная (без духового шкафа)
Midea;Панель газовая 4-х горелочная (без духового шкафа)
Novex;Панель газовая 4-х горелочная (без духового шкафа)
Rodmans;Панель газовая 4-х горелочная (без духового шкафа)
Simfer;Панель газовая 4-х горелочная (без духового шкафа)
TEKA;Панель газовая 4-х горелочная (без духового шкафа)
Weissgauff;Панель газовая 4-х горелочная (без духового шкафа)
Zigment stain;Панель газовая 4-х горелочная (без духового шкафа)
Аристон;Панель газовая 4-х горелочная (без духового шкафа)
Бошь;Панель газовая 4-х горелочная (без духового шкафа)
Веко;Панель газовая 4-х горелочная (без духового шкафа)
Гефест;Панель газовая 4-х горелочная (без духового шкафа)
Горение;Панель газовая 4-х горелочная (без духового шкафа)
Дарина;Панель газовая 4-х горелочная (без духового шкафа)
Занусси;Панель газовая 4-х горелочная (без духового шкафа)
Кёртинг;Панель газовая 4-х горелочная (без духового шкафа)
Крона;Панель газовая 4-х горелочная (без духового шкафа)
ПГ-4 панель Горение;Панель газовая 4-х горелочная (без духового шкафа)
Самсунг;Панель газовая 4-х горелочная (без духового шкафа)
Симфер;Панель газовая 4-х горелочная (без духового шкафа)
ТЕКА;Панель газовая 4-х горелочная (без духового шкафа)
ТЕКА;Панель газовая 4-х горелочная (без духового шкафа)
Ханса;Панель газовая 4-х горелочная (без духового шкафа)
Электролюкс;Панель газовая 4-х горелочная (без духового шкафа)
Hansa;Плита газовая 2-х конфорочная
Lex;Плита газовая 2-х конфорочная
Midea;Плита газовая 2-х конфорочная
Ricci;Плита газовая 2-х конфорочная
Terra;Плита газовая 2-х конфорочная
Wromet;Плита газовая 2-х конфорочная
Ардо;Плита газовая 2-х конфорочная
Армавир;Плита газовая 2-х конфорочная
Ашхабат;Плита газовая 2-х конфорочная
Вера;Плита газовая 2-х конфорочная
Веста;Плита газовая 2-х конфорочная
Гефест;Плита газовая 2-х конфорочная
Грета;Плита газовая 2-х конфорочная
Дарина;Плита газовая 2-х конфорочная
ЕАС;Плита газовая 2-х конфорочная
Запорижанка;Плита газовая 2-х конфорочная
Запорожанка;Плита газовая 2-х конфорочная
Карпаты;Плита газовая 2-х конфорочная
Кинг;Плита газовая 2-х конфорочная
Лада;Плита газовая 2-х конфорочная
Олёночка;Плита газовая 2-х конфорочная
пг -2 Флама;Плита газовая 2-х конфорочная
ПГ-2;Плита газовая 2-х конфорочная
"ПГ-2 ""Мечта""";Плита газовая 2-х конфорочная
Тбилиси;Плита газовая 2-х конфорочная
Терек;Плита газовая 2-х конфорочная
Флама;Плита газовая 2-х конфорочная
Ханса;Плита газовая 2-х конфорочная
"""Kuppersberg""";Плита газовая 3-х конфорочная
Hansa;Плита газовая 3-х конфорочная
Ардо;Плита газовая 3-х конфорочная
Аристон;Плита газовая 3-х конфорочная
Гефест;Плита газовая 3-х конфорочная
Горение;Плита газовая 3-х конфорочная
Горький;Плита газовая 3-х конфорочная
Индезит;Плита газовая 3-х конфорочная
Индезит;Плита газовая 3-х конфорочная
Кёртинг;Плита газовая 3-х конфорочная
Лика;Плита газовая 3-х конфорочная
Марина;Плита газовая 3-х конфорочная
Марина;Плита газовая 3-х конфорочная
Панель ПГ-3 Вирпул;Плита газовая 3-х конфорочная
панель пг-3 кинг;Плита газовая 3-х конфорочная
ПГ-3;Плита газовая 3-х конфорочная
Симфер;Плита газовая 3-х конфорочная
Терек;Плита газовая 3-х конфорочная
Электролюкс;Плита газовая 3-х конфорочная
Ariston;Плита газовая 4-горелочная (без духового шкафа)
Beko;Плита газовая 4-горелочная (без духового шкафа)
Bosch;Плита газовая 4-горелочная (без духового шкафа)
De luxe;Плита газовая 4-горелочная (без духового шкафа)
Fagor;Плита газовая 4-горелочная (без духового шкафа)
Fornelli;Плита газовая 4-горелочная (без духового шкафа)
Gefest;Плита газовая 4-горелочная (без духового шкафа)
Hansa;Плита газовая 4-горелочная (без духового шкафа)
Indezit;Плита газовая 4-горелочная (без духового шкафа)
Korting;Плита газовая 4-горелочная (без духового шкафа)
Krona;Плита газовая 4-горелочная (без духового шкафа)
Lex;Плита газовая 4-горелочная (без духового шкафа)
Midea;Плита газовая 4-горелочная (без духового шкафа)
Nardi;Плита газовая 4-горелочная (без духового шкафа)
Samsung;Плита газовая 4-горелочная (без духового шкафа)
Smeg;Плита газовая 4-горелочная (без духового шкафа)
Wirpool;Плита газовая 4-горелочная (без духового шкафа)
Горение;Плита газовая 4-горелочная (без духового шкафа)
панель пг-4 RAINFORD;Плита газовая 4-горелочная (без духового шкафа)
Электролюкс;Плита газовая 4-горелочная (без духового шкафа)
14.120.00.000;Плита газовая 4-х конфорочная
Ariston;Плита газовая 4-х конфорочная
Artel;Плита газовая 4-х конфорочная
Bauer;Плита газовая 4-х конфорочная
BAUER;Плита газовая 4-х конфорочная
Blomberg;Плита газовая 4-х конфорочная
Bompani;Плита газовая 4-х конфорочная
Bosch;Плита газовая 4-х конфорочная
Brandt;Плита газовая 4-х конфорочная
Candi;Плита газовая 4-х конфорочная
Class Line;Плита газовая 4-х конфорочная
Classico;Плита газовая 4-х конфорочная
Creta;Плита газовая 4-х конфорочная
De Luxe;Плита газовая 4-х конфорочная
Desany;Плита газовая 4-х конфорочная
Eac;Плита газовая 4-х конфорочная
Elegant;Плита газовая 4-х конфорочная
Erison;Плита газовая 4-х конфорочная
Estrada;Плита газовая 4-х конфорочная
Fagor;Плита газовая 4-х конфорочная
Fornelli;Плита газовая 4-х конфорочная
Gefest De Luxe;Плита газовая 4-х конфорочная
Geran;Плита газовая 4-х конфорочная
Gezaris ПГ-4;Плита газовая 4-х конфорочная
Gorense;Плита газовая 4-х конфорочная
Greta;Плита газовая 4-х конфорочная
Greta;Плита газовая 4-х конфорочная
Haier;Плита газовая 4-х конфорочная
Hansa;Плита газовая 4-х конфорочная
Hauser;Плита газовая 4-х конфорочная
Hauswirt;Плита газовая 4-х конфорочная
Hotpoint Ariston;Плита газовая 4-х конфорочная
Indesit;Плита газовая 4-х конфорочная
Inspire;Плита газовая 4-х конфорочная
Korling;Плита газовая 4-х конфорочная
Korting;Плита газовая 4-х конфорочная
Kup Persberg;Плита газовая 4-х конфорочная
Kuppersberg;Плита газовая 4-х конфорочная
L Gen;Плита газовая 4-х конфорочная
Lagan;Плита газовая 4-х конфорочная
Leran;Плита газовая 4-х конфорочная
mabe;Плита газовая 4-х конфорочная
MBS;Плита газовая 4-х конфорочная
Mobe;Плита газовая 4-х конфорочная
MORA;Плита газовая 4-х конфорочная
More;Плита газовая 4-х конфорочная
Neff;Плита газовая 4-х конфорочная
Nord;Плита газовая 4-х конфорочная
Oarina;Плита газовая 4-х конфорочная
Ocean;Плита газовая 4-х конфорочная
Plama;Плита газовая 4-х конфорочная
Polamele;Плита газовая 4-х конфорочная
Polmetal;Плита газовая 4-х конфорочная
Polmetol;Плита газовая 4-х конфорочная
Primier;Плита газовая 4-х конфорочная
PYRAM: DA;Плита газовая 4-х конфорочная
Rainford;Плита газовая 4-х конфорочная
RainFord;Плита газовая 4-х конфорочная
Ricci;Плита газовая 4-х конфорочная
Samsung;Плита газовая 4-х конфорочная
Samsung;Плита газовая 4-х конфорочная
Seran;Плита газовая 4-х конфорочная
Siemens;Плита газовая 4-х конфорочная
Siemers;Плита газовая 4-х конфорочная
Simens;Плита газовая 4-х конфорочная
Simens;Плита газовая 4-х конфорочная
Simfer;Плита газовая 4-х конфорочная
Simfer;Плита газовая 4-х конфорочная
Star;Плита газовая 4-х конфорочная
Super General;Плита газовая 4-х конфорочная
Supra;Плита газовая 4-х конфорочная
Tessa;Плита газовая 4-х конфорочная
Vestel;Плита газовая 4-х конфорочная
Weissgauff;Плита газовая 4-х конфорочная
Whirpool;Плита газовая 4-х конфорочная
Wirlpool;Плита газовая 4-х конфорочная
Wrozamet;Плита газовая 4-х конфорочная
Xangwirt;Плита газовая 4-х конфорочная
Zannussi;Плита газовая 4-х конфорочная
Авангард;Плита газовая 4-х конфорочная
Авекс;Плита газовая 4-х конфорочная
Адель;Плита газовая 4-х конфорочная
Арго;Плита газовая 4-х конфорочная
Ардерия пг;Плита газовая 4-х конфорочная
Ардерия пг;Плита газовая 4-х конфорочная
Ардо;Плита газовая 4-х конфорочная
Ашхабад;Плита газовая 4-х конфорочная
Без названия;Плита газовая 4-х конфорочная
Беретта;Плита газовая 4-х конфорочная
Брест;Плита газовая 4-х конфорочная
Брест-Гефест 3100;Плита газовая 4-х конфорочная
Варта;Плита газовая 4-х конфорочная
Веко;Плита газовая 4-х конфорочная
Вера;Плита газовая 4-х конфорочная
Вико;Плита газовая 4-х конфорочная
Виктория;Плита газовая 4-х конфорочная
Вирпол;Плита газовая 4-х конфорочная
Волгоград;Плита газовая 4-х конфорочная
Вромет;Плита газовая 4-х конфорочная
Газлюкс;Плита газовая 4-х конфорочная
Газмаш;Плита газовая 4-х конфорочная
Гека;Плита газовая 4-х конфорочная
Гефест;Плита газовая 4-х конфорочная
Гефест;Плита газовая 4-х конфорочная
Голдстар;Плита газовая 4-х конфорочная
Горение;Плита газовая 4-х конфорочная
Горенье;Плита газовая 4-х конфорочная
Грета;Плита газовая 4-х конфорочная
Дако;Плита газовая 4-х конфорочная
Данко;Плита газовая 4-х конфорочная
Дарина;Плита газовая 4-х конфорочная
Дарница;Плита газовая 4-х конфорочная
Десани;Плита газовая 4-х конфорочная
Джина;Плита газовая 4-х конфорочная
Дружковка;Плита газовая 4-х конфорочная
Жевест;Плита газовая 4-х конфорочная
Занусси;Плита газовая 4-х конфорочная
ЗигмундШтайн;Плита газовая 4-х конфорочная
Зингир;Плита газовая 4-х конфорочная
Идель;Плита газовая 4-х конфорочная
Идель;Плита газовая 4-х конфорочная
Индезит;Плита газовая 4-х конфорочная
Италия;Плита газовая 4-х конфорочная
Кагор;Плита газовая 4-х конфорочная
Кайзер;Плита газовая 4-х конфорочная
Камерон;Плита газовая 4-х конфорочная
Канди;Плита газовая 4-х конфорочная
Карина;Плита газовая 4-х конфорочная
Карпаты;Плита газовая 4-х конфорочная
Кертинг;Плита газовая 4-х конфорочная
Кёртинг;Плита газовая 4-х конфорочная
Керхи;Плита газовая 4-х конфорочная
Кинг;Плита газовая 4-х конфорочная
Классико;Плита газовая 4-х конфорочная
Крафт;Плита газовая 4-х конфорочная
Крона;Плита газовая 4-х конфорочная
Кубань;Плита газовая 4-х конфорочная
Купперсберг;Плита газовая 4-х конфорочная
Лада;Плита газовая 4-х конфорочная
Лика;Плита газовая 4-х конфорочная
Луна;Плита газовая 4-х конфорочная
Лысьва;Плита газовая 4-х конфорочная
Люкс LL;Плита газовая 4-х конфорочная
Мабе;Плита газовая 4-х конфорочная
Магда;Плита газовая 4-х конфорочная
Магистр;Плита газовая 4-х конфорочная
Максвелл;Плита газовая 4-х конфорочная
МастерГаз;Плита газовая 4-х конфорочная
Мидеа;Плита газовая 4-х конфорочная
Модель 1457;Плита газовая 4-х конфорочная
Мора;Плита газовая 4-х конфорочная
Моравия;Плита газовая 4-х конфорочная
Найзер;Плита газовая 4-х конфорочная
Нина;Плита газовая 4-х конфорочная
Норд;Плита газовая 4-х конфорочная
Омга;Плита газовая 4-х конфорочная
Орджон;Плита газовая 4-х конфорочная
панель;Плита газовая 4-х конфорочная
"панель ""Крона"" 5 комфорочная";Плита газовая 4-х конфорочная
панель 4-х конф. Франке;Плита газовая 4-х конфорочная
панель 4-х конфорочная;Плита газовая 4-х конфорочная
"панель 4-х конфорочная ""Бошь""";Плита газовая 4-х конфорочная
панель 5-и комфорочная BOSCH;Плита газовая 4-х конфорочная
панель Samsyng;Плита газовая 4-х конфорочная
"панель пг-4 "" АРИСТОН""";Плита газовая 4-х конфорочная
панель ПГ-4 Beko;Плита газовая 4-х конфорочная
панель пг-4 Brandt;Плита газовая 4-х конфорочная
панель пг-4 FAGOR;Плита газовая 4-х конфорочная
панель пг-4 ZANUSSI;Плита газовая 4-х конфорочная
панель пг-4 ВOSCH;Плита газовая 4-х конфорочная
панель пг-4 вирпул;Плита газовая 4-х конфорочная
панель пг-4 ГОРЕНЬЕ;Плита газовая 4-х конфорочная
панель ПГ-4 Зигмунг;Плита газовая 4-х конфорочная
панель пг-4 КАЙЗЕР;Плита газовая 4-х конфорочная
панель пг-4 КАНДИ;Плита газовая 4-х конфорочная
панель пг-4 кертинг;Плита газовая 4-х конфорочная
панель пг-4 кинг;Плита газовая 4-х конфорочная
панель пг-4 КРОНА;Плита газовая 4-х конфорочная
панель пг-4 самсунг;Плита газовая 4-х конфорочная
панель пг-4 сименс;Плита газовая 4-х конфорочная
панель пг-4 Франки;Плита газовая 4-х конфорочная
панель пг-4 ХАНСА;Плита газовая 4-х конфорочная
панель пг-4 ЭЛЕКТРОЛЮКС;Плита газовая 4-х конфорочная
панель Симфер;Плита газовая 4-х конфорочная
панельпг-4;Плита газовая 4-х конфорочная
"пг- 4 "" АРИСТОН""";Плита газовая 4-х конфорочная
ПГ-4;Плита газовая 4-х конфорочная
"ПГ-4 ""Ардо""";Плита газовая 4-х конфорочная
"ПГ-4 ""Бошь""";Плита газовая 4-х конфорочная
"ПГ-4 ""Брест""";Плита газовая 4-х конфорочная
"ПГ-4 ""Гефест""";Плита газовая 4-х конфорочная
"ПГ-4 ""Горенье""";Плита газовая 4-х конфорочная
"ПГ-4 ""Гретта""";Плита газовая 4-х конфорочная
"ПГ-4 ""Индезит""";Плита газовая 4-х конфорочная
"ПГ-4 ""Ханса""";Плита газовая 4-х конфорочная
"ПГ-4 ""Ханса""";Плита газовая 4-х конфорочная
"ПГ-4 ""Электролюкс""";Плита газовая 4-х конфорочная
пг-4 BEKO;Плита газовая 4-х конфорочная
ПГ-4 CIVI;Плита газовая 4-х конфорочная
пг-4 DAKO;Плита газовая 4-х конфорочная
пг-4 Greta;Плита газовая 4-х конфорочная
ПГ-4 HAUSER;Плита газовая 4-х конфорочная
пг-4 MABE;Плита газовая 4-х конфорочная
пг-4 RIKO;Плита газовая 4-х конфорочная
пг-4 zanussi;Плита газовая 4-х конфорочная
пг-4 Брест;Плита газовая 4-х конфорочная
пг-4 вирпул;Плита газовая 4-х конфорочная
пг-4 делюкс;Плита газовая 4-х конфорочная
пг-4 кертирг;Плита газовая 4-х конфорочная
пг-4 Кинг;Плита газовая 4-х конфорочная
пг-4 Крона;Плита газовая 4-х конфорочная
пг-4 норд;Плита газовая 4-х конфорочная
пг-4 терек;Плита газовая 4-х конфорочная
пг-4 флама;Плита газовая 4-х конфорочная
ПГ-5;Плита газовая 4-х конфорочная
пг-6;Плита газовая 4-х конфорочная
ПГ-6;Плита газовая 4-х конфорочная
Пламя;Плита газовая 4-х конфорочная
Полячка;Плита газовая 4-х конфорочная
Раинфорд;Плита газовая 4-х конфорочная
Рика;Плита газовая 4-х конфорочная
Ричи;Плита газовая 4-х конфорочная
Ролметал;Плита газовая 4-х конфорочная
Россиянка;Плита газовая 4-х конфорочная
С- N;Плита газовая 4-х конфорочная
Сlassic;Плита газовая 4-х конфорочная
Симфер;Плита газовая 4-х конфорочная
Смег;Плита газовая 4-х конфорочная
Стар;Плита газовая 4-х конфорочная
Тбилисси;Плита газовая 4-х конфорочная
Тека;Плита газовая 4-х конфорочная
Терек;Плита газовая 4-х конфорочная
Терра;Плита газовая 4-х конфорочная
Тула;Плита газовая 4-х конфорочная
Фагор;Плита газовая 4-х конфорочная
Флама;Плита газовая 4-х конфорочная
Форон;Плита газовая 4-х конфорочная
Хайсер;Плита газовая 4-х конфорочная
Ханса;Плита газовая 4-х конфорочная
Хаус вирт;Плита газовая 4-х конфорочная
Шорта;Плита газовая 4-х конфорочная
Штамп;Плита газовая 4-х конфорочная
Эдель;Плита газовая 4-х конфорочная
Эко лайн;Плита газовая 4-х конфорочная
Электа;Плита газовая 4-х конфорочная
Электра;Плита газовая 4-х конфорочная
Электролюкс;Плита газовая 4-х конфорочная
Электролюкс;Плита газовая 4-х конфорочная
Электролюкс;Плита газовая 4-х конфорочная
Элиста;Плита газовая 4-х конфорочная
Бошь;Плита газовая 5-ти конфорочная
ГОРЕНИЕ;Плита газовая 5-ти конфорочная
Сименс;Плита газовая 5-ти конфорочная
